{"_type":"export","__export_format":4,"__export_date":"2024-11-21T00:54:24.491Z","__export_source":"insomnia.desktop.app:v10.1.1","resources":[{"_id":"req_d23bb258d8e148d0b336e383d878deb3","parentId":"fld_c05c2541d4fa4adaa4a408ecefd53f39","modified":1732150313259,"created":1732150284257,"url":"http://localhost:3000/curtidas/comentarios","name":"Deletar curtida comentário","description":"","method":"DELETE","body":{"mimeType":"application/json","text":"{\n\t\"comentario_id\":\"67f4f22d-de40-4c23-8f11-4acb399590b7\"\n}"},"parameters":[],"headers":[{"name":"Content-Type","value":"application/json"},{"name":"User-Agent","value":"insomnia/10.1.1"}],"authentication":{},"metaSortKey":-1732150284257,"isPrivate":false,"pathParameters":[],"settingStoreCookies":true,"settingSendCookies":true,"settingDisableRenderRequestBody":false,"settingEncodeUrl":true,"settingRebuildPath":true,"settingFollowRedirects":"global","_type":"request"},{"_id":"fld_c05c2541d4fa4adaa4a408ecefd53f39","parentId":"wrk_713da09359ef4ccaa8c2027d07cd4761","modified":1732149439921,"created":1732149439921,"name":"Curtidas","description":"","environment":{},"environmentPropertyOrder":null,"metaSortKey":-1732149439921,"_type":"request_group"},{"_id":"wrk_713da09359ef4ccaa8c2027d07cd4761","parentId":null,"modified":1732127254781,"created":1732127254781,"name":"QQA","description":"","scope":"collection","_type":"workspace"},{"_id":"req_77776ee8fa4f4af39a607c7b32f8d74b","parentId":"fld_c05c2541d4fa4adaa4a408ecefd53f39","modified":1732150260787,"created":1732150016849,"url":"http://localhost:3000/curtidas/comentarios","name":"Adicionar curtida comentário","description":"","method":"POST","body":{"mimeType":"application/json","text":"{\n\t\"comentario_id\":\"67f4f22d-de40-4c23-8f11-4acb399590b7\"\n}"},"parameters":[],"headers":[{"name":"Content-Type","value":"application/json"},{"name":"User-Agent","value":"insomnia/10.1.1"}],"authentication":{},"metaSortKey":-1732150016849,"isPrivate":false,"pathParameters":[],"settingStoreCookies":true,"settingSendCookies":true,"settingDisableRenderRequestBody":false,"settingEncodeUrl":true,"settingRebuildPath":true,"settingFollowRedirects":"global","_type":"request"},{"_id":"req_42a7c5bbb52b4bc2a17b88654f148c91","parentId":"fld_c05c2541d4fa4adaa4a408ecefd53f39","modified":1732150014939,"created":1732149672230,"url":"http://localhost:3000/curtidas/publicacao","name":"Deletar curtida postagem","description":"","method":"DELETE","body":{"mimeType":"application/json","text":"{\n\t\"publicacao_id\":\"1\"\n}"},"parameters":[],"headers":[{"name":"Content-Type","value":"application/json"},{"name":"User-Agent","value":"insomnia/10.1.1"}],"authentication":{},"metaSortKey":-1732149672230,"isPrivate":false,"pathParameters":[],"settingStoreCookies":true,"settingSendCookies":true,"settingDisableRenderRequestBody":false,"settingEncodeUrl":true,"settingRebuildPath":true,"settingFollowRedirects":"global","_type":"request"},{"_id":"req_9ca8179942904357a35e756ec92fda19","parentId":"fld_c05c2541d4fa4adaa4a408ecefd53f39","modified":1732149545404,"created":1732149443573,"url":"http://localhost:3000/curtidas/publicacoes","name":"Adicionar curtida postagem","description":"","method":"POST","body":{"mimeType":"application/json","text":"{\n\t\"publicacao_id\":\"1\"\n}"},"parameters":[],"headers":[{"name":"Content-Type","value":"application/json"},{"name":"User-Agent","value":"insomnia/10.1.1"}],"authentication":{},"metaSortKey":-1732149445701,"isPrivate":false,"pathParameters":[],"settingStoreCookies":true,"settingSendCookies":true,"settingDisableRenderRequestBody":false,"settingEncodeUrl":true,"settingRebuildPath":true,"settingFollowRedirects":"global","_type":"request"},{"_id":"req_7e1f81783fc04849ba1a89df6fe177d8","parentId":"fld_d29f87bd366e43a5828719c6d0db0ea4","modified":1732149394335,"created":1732149069119,"url":"http://localhost:3000/comentarios","name":"Deletar comentário","description":"","method":"DELETE","body":{"mimeType":"application/json","text":"{\n\t\"comentario_id\": \"5fb6f408-cef8-4143-b1bb-3dd78681af9c\"\n}"},"parameters":[],"headers":[{"name":"Content-Type","value":"application/json"},{"name":"User-Agent","value":"insomnia/10.1.1"}],"authentication":{},"metaSortKey":-1732131905180,"isPrivate":false,"pathParameters":[],"settingStoreCookies":true,"settingSendCookies":true,"settingDisableRenderRequestBody":false,"settingEncodeUrl":true,"settingRebuildPath":true,"settingFollowRedirects":"global","_type":"request"},{"_id":"fld_d29f87bd366e43a5828719c6d0db0ea4","parentId":"wrk_713da09359ef4ccaa8c2027d07cd4761","modified":1732130862100,"created":1732130862100,"name":"Comentário","description":"","environment":{},"environmentPropertyOrder":null,"metaSortKey":-1732130862100,"_type":"request_group"},{"_id":"req_2f7daed057a34698bf148edabc1afdb9","parentId":"fld_d29f87bd366e43a5828719c6d0db0ea4","modified":1732149042439,"created":1732131905080,"url":"http://localhost:3000/comentarios","name":"Listar comentários","description":"","method":"GET","body":{"mimeType":"application/json","text":"{\n\t\"publicacao_id\":\"1\"\n}"},"parameters":[],"headers":[{"name":"Content-Type","value":"application/json"},{"name":"User-Agent","value":"insomnia/10.1.1"}],"authentication":{},"metaSortKey":-1732131905080,"isPrivate":false,"pathParameters":[],"settingStoreCookies":true,"settingSendCookies":true,"settingDisableRenderRequestBody":false,"settingEncodeUrl":true,"settingRebuildPath":true,"settingFollowRedirects":"global","_type":"request"},{"_id":"req_1de144435dc14001842e6df90dad6123","parentId":"fld_d29f87bd366e43a5828719c6d0db0ea4","modified":1732149036162,"created":1732130865127,"url":"http://localhost:3000/comentarios","name":"Criar comentário","description":"","method":"POST","body":{"mimeType":"application/json","text":"{\n    \"usuario_id\": 1,\n    \"publicacao_id\": 1,\n    \"comentario\": \"Este é um comentário!\"\n}"},"parameters":[],"headers":[{"name":"Content-Type","value":"application/json"},{"name":"User-Agent","value":"insomnia/10.1.1"}],"authentication":{},"metaSortKey":-1732130865127,"isPrivate":false,"pathParameters":[],"settingStoreCookies":true,"settingSendCookies":true,"settingDisableRenderRequestBody":false,"settingEncodeUrl":true,"settingRebuildPath":true,"settingFollowRedirects":"global","_type":"request"},{"_id":"req_ad80620468d7457ba15811896b4194b8","parentId":"fld_3f2ecf3e5bda45e5a8d2ba9da0c60f40","modified":1732149009232,"created":1732040944909,"url":"http://localhost:3000/publicacoes","name":"Nova publicação","description":"","method":"POST","body":{"mimeType":"application/json","text":"{\n\t\"publicacao\":\"AAAAAAAAAAA\",\n\t\"usuario_id\":\"1\"\n}"},"parameters":[],"headers":[{"name":"Content-Type","value":"application/json"},{"name":"User-Agent","value":"insomnia/10.1.1"}],"authentication":{},"metaSortKey":-1732130784134,"isPrivate":false,"pathParameters":[],"settingStoreCookies":true,"settingSendCookies":true,"settingDisableRenderRequestBody":false,"settingEncodeUrl":true,"settingRebuildPath":true,"settingFollowRedirects":"global","_type":"request"},{"_id":"fld_3f2ecf3e5bda45e5a8d2ba9da0c60f40","parentId":"wrk_713da09359ef4ccaa8c2027d07cd4761","modified":1732130815279,"created":1732130779907,"name":"Publicações","description":"","environment":{},"environmentPropertyOrder":null,"metaSortKey":-1732130779907,"_type":"request_group"},{"_id":"req_b646f6ca3306484292dde6ec2750a9f4","parentId":"fld_3f2ecf3e5bda45e5a8d2ba9da0c60f40","modified":1732130794535,"created":1732128937499,"url":"http://localhost:3000/publicacoes","name":"Listar publicações","description":"","method":"GET","body":{},"parameters":[],"headers":[{"name":"User-Agent","value":"insomnia/10.1.1"}],"authentication":{},"metaSortKey":-1732130784034,"isPrivate":false,"pathParameters":[],"settingStoreCookies":true,"settingSendCookies":true,"settingDisableRenderRequestBody":false,"settingEncodeUrl":true,"settingRebuildPath":true,"settingFollowRedirects":"global","_type":"request"},{"_id":"req_53224b6ad951467db25c14c4d6bc2aa2","parentId":"fld_3f2ecf3e5bda45e5a8d2ba9da0c60f40","modified":1732149020328,"created":1732129056429,"url":"http://localhost:3000/publicacoes/de/:usuario_id","name":"Publicações de um usuário","description":"","method":"GET","body":{"mimeType":"application/json","text":""},"parameters":[],"headers":[{"name":"Content-Type","value":"application/json"},{"name":"User-Agent","value":"insomnia/10.1.1"}],"authentication":{},"metaSortKey":-1732130783934,"isPrivate":false,"pathParameters":[{"name":"usuario_id","value":"1"}],"settingStoreCookies":true,"settingSendCookies":true,"settingDisableRenderRequestBody":false,"settingEncodeUrl":true,"settingRebuildPath":true,"settingFollowRedirects":"global","_type":"request"},{"_id":"req_5a6742f59bf84e898c61154ee5866a5f","parentId":"fld_3f2ecf3e5bda45e5a8d2ba9da0c60f40","modified":1732149027479,"created":1732130237096,"url":"http://localhost:3000/publicacoes/:publicacao_id","name":"Comentários de uma publicação","description":"","method":"GET","body":{},"parameters":[],"headers":[{"name":"User-Agent","value":"insomnia/10.1.1"}],"authentication":{},"metaSortKey":-1732130783834,"isPrivate":false,"pathParameters":[{"name":"publicacao_id","value":"1"}],"settingStoreCookies":true,"settingSendCookies":true,"settingDisableRenderRequestBody":false,"settingEncodeUrl":true,"settingRebuildPath":true,"settingFollowRedirects":"global","_type":"request"},{"_id":"req_35267ca4c06543f080a8b58c4c6d6c0a","parentId":"fld_3f2ecf3e5bda45e5a8d2ba9da0c60f40","modified":1732130783771,"created":1732130484861,"url":"http://localhost:3000/publicacoes","name":"Deletar publicação","description":"","method":"DELETE","body":{"mimeType":"application/json","text":"{\n\t\"publicacao_id\":\"1\"\n}"},"parameters":[],"headers":[{"name":"Content-Type","value":"application/json"},{"name":"User-Agent","value":"insomnia/10.1.1"}],"authentication":{},"metaSortKey":-1732130783734,"isPrivate":false,"pathParameters":[],"settingStoreCookies":true,"settingSendCookies":true,"settingDisableRenderRequestBody":false,"settingEncodeUrl":true,"settingRebuildPath":true,"settingFollowRedirects":"global","_type":"request"},{"_id":"req_45b86a3267a141ca8aacad3794c11ea7","parentId":"fld_b2742b1207ec4e53b0ee35d84054b445","modified":1732130764504,"created":1732038987631,"url":"http://localhost:3000/seguidores","name":"Seguir usuario","description":"","method":"POST","body":{"mimeType":"application/json","text":"{\n\t\"usuario_id\":\"1\",\n\t\"usuario_a_seguir_id\":\"2\"\n}"},"parameters":[],"headers":[{"name":"Content-Type","value":"application/json"},{"name":"User-Agent","value":"insomnia/10.1.1"}],"authentication":{},"metaSortKey":-1732130755494,"isPrivate":false,"pathParameters":[],"settingStoreCookies":true,"settingSendCookies":true,"settingDisableRenderRequestBody":false,"settingEncodeUrl":true,"settingRebuildPath":true,"settingFollowRedirects":"global","_type":"request"},{"_id":"fld_b2742b1207ec4e53b0ee35d84054b445","parentId":"wrk_713da09359ef4ccaa8c2027d07cd4761","modified":1732130738620,"created":1732130738620,"name":"Seguidores","description":"","environment":{},"environmentPropertyOrder":null,"metaSortKey":-1732130738620,"_type":"request_group"},{"_id":"req_b45dcd37f2bb4db781b852daa1efb4d3","parentId":"fld_b2742b1207ec4e53b0ee35d84054b445","modified":1732130755441,"created":1732040546544,"url":"http://localhost:3000/seguidores","name":"Deletar seguidor","description":"","method":"DELETE","body":{"mimeType":"application/json","text":"{\n\t\"usuario_id\":\"1\",\n\t\"usuario_a_seguir_id\":\"2\"\n}"},"parameters":[],"headers":[{"name":"Content-Type","value":"application/json"},{"name":"User-Agent","value":"insomnia/10.1.1"}],"authentication":{},"metaSortKey":-1732130755394,"isPrivate":false,"pathParameters":[],"settingStoreCookies":true,"settingSendCookies":true,"settingDisableRenderRequestBody":false,"settingEncodeUrl":true,"settingRebuildPath":true,"settingFollowRedirects":"global","_type":"request"},{"_id":"req_bac8b3648b464d0abfa55b46d80bbaff","parentId":"fld_2fadd1af38a342eebef0771f3f158363","modified":1732130714620,"created":1732037749431,"url":"http://localhost:3000/usuarios","name":"Cadastrar usuário","description":"","method":"POST","body":{"mimeType":"application/json","text":"{\n\t\"nome\":\"AAAAAAAA\",\n\t\"email\":\"AAAAAAAAA@gmail.com\",\n\t\"senha\":\"charlizard\",\n\t\"nascimento\":\"2000-09-29\",\n\t\"nick\":\"AAAAAAA\",\n\t\"imagem\":\"caminhoAqui\"\n}"},"parameters":[],"headers":[{"name":"Content-Type","value":"application/json"},{"name":"User-Agent","value":"insomnia/10.1.1"}],"authentication":{},"metaSortKey":-1732130696152,"isPrivate":false,"pathParameters":[],"settingStoreCookies":true,"settingSendCookies":true,"settingDisableRenderRequestBody":false,"settingEncodeUrl":true,"settingRebuildPath":true,"settingFollowRedirects":"global","_type":"request"},{"_id":"fld_2fadd1af38a342eebef0771f3f158363","parentId":"wrk_713da09359ef4ccaa8c2027d07cd4761","modified":1732148954544,"created":1732130681917,"name":"Usuários","description":"","environment":{},"environmentPropertyOrder":null,"metaSortKey":-1732130583389,"_type":"request_group"},{"_id":"req_483ea6fbbfba4be795f1fe6a2a45b7fb","parentId":"fld_2fadd1af38a342eebef0771f3f158363","modified":1732148975466,"created":1732038632909,"url":"http://localhost:3000/usuarios/:usuario_id","name":"Detalhe usuário","description":"","method":"GET","body":{},"parameters":[],"headers":[{"name":"User-Agent","value":"insomnia/10.1.1"}],"authentication":{},"metaSortKey":-1732130696102,"isPrivate":false,"pathParameters":[{"name":"usuario_id","value":"1"}],"settingStoreCookies":true,"settingSendCookies":true,"settingDisableRenderRequestBody":false,"settingEncodeUrl":true,"settingRebuildPath":true,"settingFollowRedirects":"global","_type":"request"},{"_id":"req_34a3686483ea41f4b24c0653aca171f1","parentId":"fld_2fadd1af38a342eebef0771f3f158363","modified":1732148982064,"created":1732038322043,"url":"http://localhost:3000/usuarios","name":"Pegar usuário","description":"","method":"GET","body":{"mimeType":"application/json","text":"{\n\t\"query\":\"1\"\n}"},"parameters":[],"headers":[{"name":"Content-Type","value":"application/json"},{"name":"User-Agent","value":"insomnia/10.1.1"}],"authentication":{},"metaSortKey":-1732130696052,"isPrivate":false,"pathParameters":[],"settingStoreCookies":true,"settingSendCookies":true,"settingDisableRenderRequestBody":false,"settingEncodeUrl":true,"settingRebuildPath":true,"settingFollowRedirects":"global","_type":"request"},{"_id":"req_d56ffc5de1164e15bb91a0646d13b8c3","parentId":"fld_2fadd1af38a342eebef0771f3f158363","modified":1732130696011,"created":1732038758539,"url":"http://localhost:3000/usuarios/:usuario_id","name":"Atualizar usuario","description":"","method":"PATCH","body":{"mimeType":"application/json","text":"{\n\t\"nome\":\"Coan\",\n\t\"email\":\"otavio@gmail.com\",\n\t\"senha\":\"charmander\",\n\t\"nascimento\":\"2008-09-29\",\n\t\"nick\":\"OTAVIN\",\n\t\"imagem\":\"caminhoAqui\"\n}"},"parameters":[],"headers":[{"name":"Content-Type","value":"application/json"},{"name":"User-Agent","value":"insomnia/10.1.1"}],"authentication":{},"metaSortKey":-1732130695952,"isPrivate":false,"pathParameters":[{"name":"usuario_id","value":"1"}],"settingStoreCookies":true,"settingSendCookies":true,"settingDisableRenderRequestBody":false,"settingEncodeUrl":true,"settingRebuildPath":true,"settingFollowRedirects":"global","_type":"request"},{"_id":"req_9c5144fa9a214853964def1fd20b9f00","parentId":"wrk_713da09359ef4ccaa8c2027d07cd4761","modified":1732127713351,"created":1732040853052,"url":"http://localhost:3000/curtidas/publicacoes","name":"Adicionar curtida","description":"","method":"POST","body":{"mimeType":"application/json","text":"{\n\t\"\":\"\",\n\t\"\":\"\",\n}"},"parameters":[],"headers":[{"name":"Content-Type","value":"application/json"},{"name":"User-Agent","value":"insomnia/10.1.1"}],"authentication":{},"metaSortKey":-1732040945009,"isPrivate":false,"pathParameters":[],"settingStoreCookies":true,"settingSendCookies":true,"settingDisableRenderRequestBody":false,"settingEncodeUrl":true,"settingRebuildPath":true,"settingFollowRedirects":"global","_type":"request"},{"_id":"env_f831414011f64c2f804a4ee4c8861fff","parentId":"wrk_713da09359ef4ccaa8c2027d07cd4761","modified":1732037734534,"created":1730895907863,"name":"Base Environment","data":{},"dataPropertyOrder":null,"color":null,"isPrivate":false,"metaSortKey":1730895907863,"_type":"environment"},{"_id":"jar_ad830412101b48d792d8aacf9c93b797","parentId":"wrk_713da09359ef4ccaa8c2027d07cd4761","modified":1732037734686,"created":1732037734686,"name":"Default Jar","cookies":[],"_type":"cookie_jar"}]}